"URL","heading","title","metaDescription"
"https://ip-7986-my.iprice.mx/compare/oppo-f7/","Oppo F7 Price in Malaysia &amp; Specs","Oppo F7 Price in Malaysia &amp; Specs","Oppo F7 prices and specs in Malaysia | Harga, review, price comparison, specifications July 2018 | iPrice"
"https://ip-7986-my.iprice.mx/compare/oppo-f7-128gb-diamond-black/","OPPO F7 128GB Diamond Black price in Malaysia &amp; Specs for :monthYear","OPPO F7 128GB Diamond Black Price in Malaysia &amp; Specs | Harga | iPrice","[September, 2018] The latest OPPO F7 128GB Diamond Black price in Malaysia starts from RM 1,599.00. Compare harga OPPO F7 128GB Diamond Black in Malaysia, specs, review, new/second-hand price and more at iPrice."
"https://ip-7986-my.iprice.mx/compare/samsung-galaxy-c5/","Samsung Galaxy C5 price in Malaysia &amp; Specs for :monthYear","Samsung Galaxy C5 Price in Malaysia &amp; Specs | Harga | iPrice","[September, 2018] The latest Samsung Galaxy C5 price in Malaysia starts from RM 920.00. Compare harga Samsung Galaxy C5 in Malaysia, specs, review, new/second-hand price and more at iPrice."
"https://ip-7986-my.iprice.mx/compare/samsung-galaxy-c5-32gb-silver/","Samsung Galaxy C5 32GB Silver Price in Malaysia","Samsung Galaxy C5 32GB Silver Price, Specs üí∞ | Harga di Malaysia","Compare Samsung Galaxy C5 32GB Silver prices in Malaysia. üî• Harga Samsung Galaxy C5 32GB Silver di Malaysia, September, 2018 price list. ‚úîÔ∏è Check the specs, features, expert reviews."
"https://ip-7986-my.iprice.mx/compare/panasonic-mc-cl561/","Panasonic MC-CL561 price in Malaysia &amp; Specs for :monthYear","Panasonic MC-CL561 Price in Malaysia &amp; Specs | Harga | iPrice","[September, 2018] The latest Panasonic MC-CL561 price in Malaysia starts from RM 244.00. Compare harga Panasonic MC-CL561 in Malaysia, specs, review, new/second-hand price and more at iPrice."
"https://ip-7986-ph.iprice.mx/compare/huawei-p20/","Huawei P20 Price in Philippines &amp; Specs","Huawei P20 Price Philippines and Specs | iPrice","Find the best offer on Huawei P20 in the Philippines by comparing the latest prices and deals from leading online merchants like Lazada and Galleon. üõí Learn more about Huawei P20 specs, release date, expert reviews, and more üîç"
"https://ip-7986-ph.iprice.mx/compare/huawei-p20-pink-gold/","Huawei P20 Pink Gold Price in Philippines &amp; Specs","Huawei P20 Pink Gold Price in Philippines &amp; Specs - September, 2018 | iPrice","[September, 2018] The top Huawei P20 Pink Gold price in the Philippines starts from ‚Ç± 31,385.00. Get the cheapest Huawei P20 Pink Gold price list, latest reviews, specs, new/used units, and more at iPrice!"
"https://ip-7986-ph.iprice.mx/compare/nokia-6300/","Nokia 6300 Price in Philippines &amp; Specs","Nokia 6300 Price in Philippines &amp; Specs - September, 2018 | iPrice","[September, 2018] The top Nokia 6300 price in the Philippines starts from ‚Ç± 2,890.00. Get the cheapest Nokia 6300 price list, latest reviews, specs, new/used units, and more at iPrice!"
"https://ip-7986-ph.iprice.mx/compare/asus-zenfone-5-go-5-lite-zb500kg-silver/","ASUS Zenfone 5 Go 5 Lite (ZB500KG) Silver Price in Philippines","ASUS Zenfone 5 Go 5 Lite (ZB500KG) Silver Price, Philippines","Compare ASUS Zenfone 5 Go 5 Lite (ZB500KG) Silver prices in Philippines.‚úîÔ∏è Compare prices online. üî• ASUS Zenfone 5 Go 5 Lite (ZB500KG) Silver September, 2018 price list."
"https://ip-7986-ph.iprice.mx/compare/canon-powershot-g7x-mark-ii/","Canon PowerShot G7X Mark II Price in Philippines &amp; Specs","Canon G7X Mark II Price in Philippines | Compare Prices, Reviews, Specs Online.","Compare Canon G7X Mark II Price in Philippines from different online stores like Lazada, Kimstore and Buy Online. Check the features, latest expert reviews, variants &amp; specs of Canon PowerShot G7X Mark II."
"https://ip-7986-sg.iprice.mx/compare/nintendo-switch/","Nintendo Switch Price in Singapore &amp; Specifications | iPrice","Nintendo Switch Compare Prices, Reviews | iPrice :model price in Singapore &amp; Specifications for - September, 2018","[September, 2018] The latest Nintendo Switch price in Singapore starts from S$ 415.00. Compare top cheapest :model price in Singapore, check specifications, new/used price list at iPrice."
"https://ip-7986-sg.iprice.mx/compare/nintendo-switch-grey/","Nintendo Switch Grey Price in Singapore &amp; Specifications | iPrice","Nintendo Switch Grey Compare Prices, Reviews | iPrice :model price in Singapore &amp; Specifications for - September, 2018","[September, 2018] The latest Nintendo Switch Grey price in Singapore starts from S$ 415.00. Compare top cheapest :model price in Singapore, check specifications, new/used price list at iPrice."
"https://ip-7986-sg.iprice.mx/compare/apple-iphone-x/","iPhone X Price in Singapore","iPhone X Singapore | Price, Review, and Specs | 64GB,256GB","Compare iPhone X prices in Singapore from leading stores like Apple Store SG, Lazada, Qoo10 and others with additional coupons discounts, deals and offers. Read about the iPhone X Price, Review, and Specs. The iPhone X is available in Silver or Space Grey. "
"https://ip-7986-sg.iprice.mx/compare/apple-iphone-x-64gb-space-grey/","Apple iPhone X 64GB Space Grey Price in Singapore &amp; Specifications | iPrice","Apple iPhone X 64GB Space Grey Compare Prices, Reviews | iPrice :model price in Singapore &amp; Specifications for - September, 2018","[September, 2018] The latest Apple iPhone X 64GB Space Grey price in Singapore starts from S$ 1,330.00. Compare top cheapest :model price in Singapore, check specifications, new/used price list at iPrice."
"https://ip-7986-sg.iprice.mx/compare/apple-iphone-6-128gb-space-grey/","Apple iPhone 6 128GB Space Grey Price in Singapore","Apple iPhone 6 128GB Space Grey Price &amp; Specs, Singapore","Compare Apple iPhone 6 128GB Space Grey prices in Singapore. ‚úîÔ∏è Check the specs, features, expert reviews.üî• Harga Apple iPhone 6 128GB Space Grey di Singapura, September, 2018 price list."
"https://ip-7986-hk.iprice.mx/compare/nokia-7-plus/","Nokia 7 Plus Price in [Hong Kong] &amp; Specs","Nokia 7 Plus Price in Hong Kong &amp; Specs - September, 2018 | Nokia 7 Plus ÂÉπÈå¢È¶ôÊ∏Ø&middot;","The Nokia 7 Plus was released in February 2018. The phone features a 6-inch display panel with a 1080 x 2160p resolution. The Nokia 7 Plus runs on an octa-core Snapdragon 660 processor that is matched with 4GB RAM and 64GB of storage. Find out more about the Nokia 7 Plus price and specs on this page."
"https://ip-7986-hk.iprice.mx/compare/nokia-3/","Nokia 3 Price in [Hong Kong] &amp; Specs","Nokia 3 Price in Hong Kong &amp; Specs - September, 2018 | Nokia 3 ÂÉπÈå¢È¶ôÊ∏Ø&middot;","[September, 2018] Compare the best new Nokia 3 price in Hong Kong. Find out more about the Nokia 3 price, specs, and reviews in Hong Kong at iPrice! Êü•ÁúãÂíåÊØîËºÉÊúÄÂ•ΩÁöÑÊñ∞ Nokia 3 ÂÉπÈå¢,Ë¶èÊ†º,Ë©ïÂÉπÂíåÁî®ÂÆ∂ÊÑèË¶ãÂú®È¶ôÊ∏Ø&nbsp;"
"https://ip-7986-hk.iprice.mx/compare/apple-iphone-6s-32gb-gold/","Apple iPhone 6s 32GB Gold Price in Hong Kong","Apple iPhone 6s 32GB Gold Price, Hong Kong - September, 2018","Compare Apple iPhone 6s 32GB Gold prices in Hong Kong.‚úîÔ∏è Compare prices online. üî• Apple iPhone 6s 32GB Gold September, 2018 price list."
"https://ip-7986-id.iprice.mx/harga/oppo-f7/","Harga OPPO F7 Murah Terbaru &amp; Spesifikasi","Harga OPPO F7 Murah Terbaru &amp; Spesifikasi | iPrice","(Juni 2018) Daftar harga OPPO F7 baru &amp; bekas termurah. Lihat spesifikasi OPPO F7, review, warna &amp; pilihan handphone OPPO lainnya di iPrice"
"https://ip-7986-id.iprice.mx/harga/oppo-f7-128gb-diamond-black/","Harga OPPO F7 128GB Diamond Black Terbaru dan Spesifikasi","Harga OPPO F7 128GB Diamond Black Terbaru dan Spesifikasi","September, 2018 Daftar harga :category OPPO F7 128GB Diamond Black baru &amp; bekas termurah. Lihat spesifikasi OPPO F7 128GB Diamond Black, review, warna &amp; pilihan lainnya di iPrice."
"https://ip-7986-id.iprice.mx/harga/xiaomi-redmi-5a-16gb-abu-abu/","Harga Xiaomi Redmi 5A 16GB Abu-abu","Harga &amp; Speks Xiaomi Redmi 5A 16GB Abu-abu | September, 2018","Bandingkan harga Xiaomi Redmi 5A 16GB Abu-abu di Indonesia. ‚úîÔ∏è Cek spesifikasi, fitur, pendapat ahli. Xiaomi Redmi 5A 16GB Abu-abu daftar harga di September, 2018"
"https://ip-7986-id.iprice.mx/harga/shure-sm58/","Harga Shure SM58 Terbaru dan Spesifikasi","Harga Shure SM58 Terbaru dan Spesifikasi","September, 2018 Daftar harga :category Shure SM58 baru &amp; bekas termurah. Lihat spesifikasi Shure SM58, review, warna &amp; pilihan lainnya di iPrice."
"https://ip-7986-vn.iprice.mx/gia-ban/apple-iphone-6/","Gi&aacute; Apple iPhone 6 v&agrave; Th&ocirc;ng s·ªë","[ - Th&aacute;ng Ch&iacute;n, 2018] Apple iPhone 6 gi&aacute; r·∫ª nh·∫•t, ch&iacute;nh h&atilde;ng","[Th&aacute;ng Ch&iacute;n, 2018] Mua :category Apple iPhone 6 gi&aacute; r·∫ª ch·ªâ t·ª´ 2.650.000 ƒë. So s&aacute;nh gi&aacute; Apple iPhone 6 ch&iacute;nh h&atilde;ng t·ª´ nhi·ªÅu c·ª≠a h&agrave;ng uy t&iacute;n, c&oacute; tr·∫£ g&oacute;p!"